nodeNum,loss,acc
3,1.2936210895810754,0.6083333333333334
4,1.3639896602104935,0.5595
5,1.347596509781579,0.5782
6,1.5104294810757466,0.5116666666666667
7,1.6864831590917218,0.45
